{
    "rmse": 1005904.877935445,
    "r2": 0.6531755440689829,
    "mae": 285339.9492140261,
    "mape_percent": 967.2766615343726
}